	id	Judge	Education:	Began Service:	Appointed By:	Circuit Assignment:	Government:	Judicial:	Legal Practice:
120	0		 1985	 President Ronald Reagan	N / A	 County Attorney, Office of the County Attorney, County of Duchesne, Utah (1966-1972); County Cornmissioner, Office of the County Commissioner, County of Duchesne, Utah (1972-1974)	 Judge, Utah District Court, Fourth Judicial District (976-1985)	 Private Practice (1963-1971); Sam & Mangan (1971-1973), Sam, Brown & Park (1973-1976) Military Service: United States Air Force (1961-1963)	 Federal District Court Judges Association; The Supreme Court Historical Society; Utah State Bar
85	1	 (part-time) David W.	N / A	N / A	N / A	N / A	N / A	N / A	N / A
84	2	 (part-time) Dean By	N / A	N / A	N / A	N / A	N / A	N / A	N / A
132	3	 (part-time) James K.	N / A	N / A	N / A	N / A	N / A	N / A	N / A
114	4	 (part-time) Jamés R.	N / A	N / A	N / A	N / A	N / A	N / A	N / A
131	5	 (part-time) Karen	N / A	N / A	N / A	N / A	N / A	N / A	N / A
134	6	 (part-time) Teresa M.	 July 2006	 President George W. Bush —	N / A	N / A	N / A	N / A	N / A
115	7	 (recalled) Aaron E.	N / A	N / A	N / A	N / A	N / A	N / A	N / A
174	8	 (recalled) Geoffrey yw	N / A	N / A	N / A	N / A	N / A	N / A	N / A
67	9	 (recalled) John A.	 1987	N / A	N / A	N / A	N / A	N / A	N / A
86	10	 (recalled) John L. -	N / A	N / A	N / A	N / A	N / A	N / A	N / A
35	11	 (recalled) William T.	N / A	N / A	N / A	N / A	N / A	N / A	N / A
158	12	 Aida M. Delgado-Colén	N / A	N / A	N / A	N / A	N / A	N / A	N / A
127	13	 Alan B. Johnson	N / A	N / A	N / A	N / A	N / A	N / A	N / A
221	14	 Alan G. Lance, Sr.	N / A	N / A	N / A	N / A	N / A	N / A	N / A
149	15	 Alan Kay	 1991	N / A	N / A	 Public Defender, District of Columbia (1960-1962); Assistant	N / A	N / A	 The American Inns of Court; The District of Columbia Bar; National Conference of Bar Examiners; The Virginia Bar Association
209	16	 Andrew S. Effron _	 1996	 President William J. Clinton	N / A	 Legislative Aide (R-WI, District 6}, Office.of Representative	N / A	N / A	N / A
22	17	 Anthony John Trenga	 October 15, 2008	 President George W. Bush	N / A	N / A	N / A	 Chair, Litigation/Government Contracts Department, Miller	N / A
248	18	 Arthur L. Nims Ill	 June 29, 1979	 President Jimmy Carter	N / A	 Special Attorney, Office of the Chief Counsel, Internal _	N / A	 Private Practice (1949-1951); McCarter & English (1955-1979) Military Service: United States Naval Reserve (1943-1946)	 American Bar Association; American College of Tax Counsel; The American Law Institute :
50	19	 B. Waugh Crigler	 October 1, 1981	N / A	N / A	N / A	N / A	 Private Practice (1974-1981)	 American Bar Association; The Thomas Jefferson American Inn of Court, The American Inns of Court; Culpepper Bar Association; Tenmessee Bar Association; The Virginia Bar Association; Virginia State Bar 
68	20	 Barbara J. Rothstein	N / A	N / A	N / A	N / A	N / A	N / A	N / A
271	21	 Barbara S. Jones	N / A	N / A	N / A	N / A	N / A	N / A	N / A
72	22	 Benjamin Hale Settle	N / A	N / A	N / A	N / A	N / A	N / A	N / A
197	23	 Bohdan A. Futey	N / A	N / A	N / A	N / A	N / A	N / A	N / A
171	24	 Brian K. Tester	 November 2006	N / A	N / A	N / A	N / A	N / A	N / A
82	25	 Brian Tsuchida	N / A	N / A	N / A	N / A	N / A	N / A	N / A
3	26	 Brooke C. Wells	N / A	N / A	N / A	N / A	N / A	N / A	N / A
217	27	 Bruce E, Kasold	 December 31, 2003	 President George W. Bush	N / A	N / A	N / A	 Attorney, Holland & Knight LLP (1994-199	N / A
166	28	 Bruce J. McGiverin	 January 2007	N / A	N / A	N / A	N / A	N / A	 Maritime Law Association of the United States; Term Expires: 2015 “National Conference of Bankruptcy Judges; Puerto Rican Bankruptcy Bar : Association; .Puerto Rican Bar Association Staff
165	29	 Camille L. Velez-Rive © gems Manager Félix Martinez..................... (787) 977-6089	 March 22, 2004 E. de Jestis	N / A	N / A	N / A	N / A	N / A	N / A
155	30	 Carmen Consuelo Cerezo	 1980	 President Jimmy Carter	N / A	N / A	 Judge, Puerto Rico Superior Court (1972-1976); Judge, Puerto Rico Court of Intermediate Appeats (1976-1980)	 Beany Frankie Cerezo, Esq. (1966-1967)	 Colegio de Abogados de Puerto Rico
252	31	 Carolyn P. Chiechi	N / A	N / A	N / A	N / A	N / A	N / A	N / A
75	32	 Carolyn R. Dimmick	N / A	N / A	N / A	N / A	N / A	N / A	N / A
210	33	 Charles E. Ennai a	 October 15, 2002	N / A	N / A	 Program Manager/Attorney, Anti-fraud Unit, Office of the High Representative in Bosnia and Herzegovina (1998); Judicial Reform Coordinator, Office of the High Representative in Bosnia and Herzegovina (1998-1999); Head of Department, Human Rights and Rule of Law, Office of the High Representative in Bosnia and Herzegovina (1999)	 Supreme Court Justice, Montana Supreme Court (1995-1997); Chief Judge, Bosnian Election Court (2000-2001)	 Assistant Attorney General, Montana Attorney General’s	N / A
185	34	 Charles F Lettow	 July 22, 2003	 President George W. Bush	N / A	 Counsel, Council on Environmental Quality, Executive Office	N / A	 Associate, Cleary Gotilieb Steen & Hamilton LLP. - (1973-1976); Partner, Cleary Gottlieb Steen & Hamilton LLP (1976-2003) Military Service: Second Lieutenant, First Lieutenant United States Army (1963-1965); CPT, United States Army Reserve (1965-1972)	 American Bar Association; The American Law Institute; The District of Columbia Bar; Iowa State Bar Association; Maryland State Bar Association, Inc.; State Bar of Califormia
108	35	 Charles N. Clevert, Jr.	N / A	N / A	N / A	N / A	N / A	N / A	N / A
278	36	 Charles R. Breyer	N / A	N / A	N / A	N / A	N / A	N / A	N / A
9	37	 Christina Reiss	 December 21, 2009	 President Barack Obama	N / A	N / A	N / A	N / A	N / A
130	38	 Clarence A. Brimmer E-mail: Stephen_Cole@wyd.uscourts.gov	 February 1975 = Term Expires: August 2014 dudicial: Judge, Worland Municipal Court (1975-1981); Judge, Ten Sleep ‘Municipal Court (1977-1981); Justice of the Peace, Washakie County Jastice Court (1977-1981) : Legal Practice: Private Practice : Current Memberships: Federal Magistrate Judges Asuselation: Wyoming : Bar Association Clarence A. Brimmer Senior Judge Date of Birth: 1922 . Education: Michigan 1944 BA, 1947 JD 	 President Gerald Ford	N / A	 Attorney General, State of Wyoming (1971-1974); United.	N / A	 Private Practice	 Federal Magistrate Judges Asuselation: Wyoming : Bar Association Clarence A. Brimmer Senior Judge Date of Birth: 1922 . Education: Michigan 1944 BA, 1947 JD Began Service: September 26, 1975 _ Appointed By: President Gerald Ford Political, Affiliation: Republican Government: Attorney General, State of Wyoming (1971-1974); United. States Attorney, District of Wyoming, United States Department of Justice (1975)
23	39	 Claude M. Hilton	N / A	 President Ronald Reagan	N / A	 Deputy Clerk of Courts, Commonwealth of Virginia (1964-1966); Assistant Commonwealth Attorney, Commonwealth of Virginia (1967-1968); Commonwealth Attorney, Commonwealth of Virginia; Member, Planning Commission, County of Arlington, Virginia (1975-1978), Member, Police Trial Board, County of Arlington, Virginia (1980); Chairman, School Board, County of Arlington, Virginia (1984)	 Commissioner in Chancery, Circuit Court of Arlington County (1976-1985); Chief Judge, United States District Court for the Eastern District of Virginia	 Private Practice (1967-1985)	 American Association for Justice; American Bar Association; American Judicature Society; Arlington County Bar Association; Virginia State Bar; Virginia Trial Lawyers Association -
12	40	 Colleen A. Brown.	 April 10, 2000	N / A	N / A	 Assistant U.S. Trustee for the Western District of New York	N / A	 Partner, Lawrence, Werner, Kesselring, Swartout & Brown, LLP; In-house Counsel, The Canandaigua National Bank and Trust Company	 American Bar Association; National Conference of Bankruptcy Judges 
172	41	 Curtis V. Gomez	N / A	N / A	N / A	N / A	N / A	N / A	N / A
63	42	 Cynthia Imbrogno	 1991	N / A	N / A	 Civil Rights Staff Attorney, United States District Court for	N / A	 Preston, Thorgrimson, Shidler, Gates & Ellis (1988-1990);	N / A
156	43	 Daniel R. Dominguez	 November 1, 1994 .	 President William J. Clinton	N / A	N / A	N / A	 Associate Counsel, Hector M. Laffitte Law Offices (1970-1973), Partner, Lafitte & Dominguez Law Offices (1973-1980); - Partner, Laffitte, Dominguez & Totti Law Offices (1980-1983); Partner, Dominguez & Totti Law Offices (1983-1994) Military Service: United States Army Reserve, United States Department of the Army a é . .	 American Bar Association; Association of Labor Relations Practitioners; Colegio de Abogados de Puerto Rico; Puerto Rico Chapter, Federal Bar Association
104	44	 David A. Faber	 December 27, 1991	 President Gearge H.W. Bush	N / A	N / A	N / A	N / A	 American Judicature Society; Federal Judges Association; National Association of Former United States. Attorneys; West Virginia Bar Association; The West Virginia State Bar
226	45	 David D. Dowd, Fr.,	N / A	N / A	N / A	N / A	N / A	N / A	N / A
225	46	 David D. Dowd, Jr.	N / A	N / A	N / A	N / A	N / A	N / A	N / A
98	47	 David J. Joel	N / A	N / A	N / A	N / A	N / A	N / A	N / A
261	48	 David KR. Hansen	N / A	N / A	N / A	N / A	N / A	N / A	N / A
251	49	 David Laro	N / A	 President George H.W. Bush	N / A	N / A	N / A	 Winegarden, Booth, Shedd and Laro (1970-1975); Laro & - Borgeson (1975-1986); David Laro, Attorney at Law (1986-1992); Of Counsel, Dykema Gossett PLLC (1989-1990)	 State Bar of Michigan
1	50	 David Nuffer	 May i, 1994	N / A	N / A	N / A	N / A	N / A	 Southern Utah Bar Association; State Bar of Arizona
262	51	 David R. Hansen,	N / A	N / A	N / A	N / A	N / A	N / A	N / A
0	52	 David Sam	 1985	 President Ronald Reagan	N / A	 County Attorney, Office of the County Attorney, County of Duchesne, Utah (1966-1972); County Cornmissioner, Office of the County Commissioner, County of Duchesne, Utah (1972-1974)	 Judge, Utah District Court, Fourth Judicial District (976-1985)	 Private Practice (1963-1971); Sam & Mangan (1971-1973), Sam, Brown & Park (1973-1976) Military Service: United States Air Force (1961-1963)	 Federal District Court Judges Association; The Supreme Court Historical Society; Utah State Bar
202	53	 Delissa A. Ridgway	N / A	N / A	N / A	N / A	N / A	N / A	N / A
273	54	 Dennis Jacobs, United _	N / A	N / A	N / A	N / A	N / A	N / A	N / A
33	55	 Dennis W. Dohnal	N / A	N / A	N / A	N / A	N / A	N / A	N / A
237	56	 Diane L. Kroupa	 June 13, 2003	 President George W. Bush	N / A	N / A	N / A	N / A	 Section of Taxation, American Bar Association; The District of Columbia Bar; Minnesota State Bar Association; National Association of Women Judges; State Bar of South Dakota
199	57	 Donald C. Pogue	N / A	N / A	N / A	N / A	N / A	N / A	N / A
36	58	 Douglas E. Miller	N / A	N / A	N / A	N / A	N / A	N / A	N / A
57	59	 Edward F Shea	N / A	N / A	N / A	N / A	N / A	N / A	N / A
177	60	 Edward J. Damich	 October 22, 1998	 President William J. Clinton	N / A	 Commissioner, U.S. Copyright Office, Library of Congress,	N / A	 Associate, Hogan & Hartson LLP; Shack & Kimball, PC. - © Nonprofit: Assistant General Counsel, United States Railway Association	 Cosmos Club; The District of Columbia Bar; State :: Bar of California
140	61	 Ellen Segal Huvelle	 January 2000	 President William J. Clinton	N / A	N / A	 Associate Fudge, Superior Court for the District of Columbia (1990-1999) *	 Associate, Williams & Connolly LLP (1977-1983); Partner, Williams & Connolly LLP (1984-1990)	 American Association for Justice; American Bar Association; American Bar Foundation, American Bar Association; The Edward Bennett Williams American Inn of Court,-The American Enns of Court; The Bar Association of the District of Coiumbia; The District of - Columbia Bar; Massachusetts Bar Association, Inc.; National Association of Women Judges; Women’s Bar Association of Massachusetts
176	62	 Emily Clark Hewitt	 March 11, 2009	 President William J. Clinton	N / A	 General Counsel, United States General Services	N / A	 Associate, Hill & Barlow (1978-1985); Partner, Hill & Barlow (1985-1993); Chair, Real Estate Department, Hill & Barlow (1987-1993)	 American Bar Association; Federal Bar Association; National Association of Women Judges; Women’s Bar Association of the District of Columbia
137	63	 Emmet G. Sullivan	 June 15, 1994	 President William J. Clinton	N / A	 Government Atiorney, Criminal Division, Appellate Section,	N / A	N / A	 The District of Columbia Bar
170	64	 Enrique $. Lamoutte continwed	N / A	N / A	N / A	N / A	N / A	N / A	N / A
169	65	 Enrique S.	 2007	N / A	N / A	N / A	N / A	N / A	N / A
168	66	 Enrique S. Lamoutte	 2007	N / A	N / A	N / A	N / A	N / A	N / A
193	67	 Eric G. Bruggink	N / A	N / A	N / A	N / A	N / A	N / A	N / A
215	68	 Eugene R. Sullivan	N / A	N / A	N / A	N / A	N / A	N / A	N / A
200	69	 Evan J. Waliach	 September 25, 1995	 President William J. Clinton	N / A	 General Counsel and Public Policy “Advisor (D-NV), Office	N / A	 Associate, Lionel Sawyer & Collins (1976-1983); Partner,	N / A
34	70	 F Bradford Stillman	 October 2000	N / A	N / A	 Assistant Commonwealth’s Attorney, Office of the wail; ivan_davis@vaed. uscourts. gov	N / A	 Associate, McGuire, Woods, Battle & Boothe LLP	N / A
152	71	 Frances Marie	N / A	N / A	N / A	N / A	N / A	N / A	N / A
181	72	 Francis M. Allegra	N / A	N / A	N / A	N / A	N / A	N / A	N / A
269	73	 Frank C. Damrell, Jr.	N / A	N / A	N / A	N / A	N / A	N / A	N / A
270	74	 Frank C. Damrell, Jy	N / A	N / A	N / A	N / A	N / A	N / A	N / A
280	75	 Frank H. Easterbrook,	N / A	N / A	N / A	N / A	N / A	N / A	N / A
43	76	 Frank J. Santoro	N / A	N / A	N / A	N / A	N / A	N / A	N / A
65	77	 Frank L. Kurtz	N / A	N / A	N / A	N / A	N / A	N / A	N / A
59	78	 Fred L, Van Sickle,	N / A	N / A	N / A	N / A	N / A	N / A	N / A
60	79	 Fred L. Van Sickle	N / A	N / A	N / A	N / A	N / A	N / A	N / A
95	80	 Frederick P. Stamp, Jr.	 July 30, 1990	N / A	N / A	N / A	 District Judge, United States District Court for the Northem District of West Virginia (1990-2006)	 Schrader, Stamp, Byrd, Byrum & Companion (1960-1990) Military Service: United States Army (1959-1960); United States Army : Reserve, United States Department of the Army (1960-1967) Nonprofit: Trustee, University of Richmond	 American Bar Association; American Bar : Foundation, American Bar Association; American College of Trial Lawyers; National Conference of Commissioners on Uniform State Laws; Ohio : County Bar Association; West Virginia Bar Association; The West Virginia State Bar; West Virginia Bar Foundation, Inc., The West Virginia State Bar
173	81	 George W. Cannon Jr.	 April 12, 2004	N / A	N / A	N / A	N / A	N / A	 American Bar Association; Federal Bar Association; Rotary International, Inc.; Virgin Islands Bar Association
187	82	 George W. Miller	N / A	N / A	N / A	N / A	N / A	N / A	N / A
18	83	 Gerald Bruce Lee	 October 9, 1998	 President William J. Clinton	N / A	 Virginia Appointee, Metropolitan Washington Airports : Authority {1990-1992}	 Judge, Virginia Circuit Court, 19th Judicial Cirenit (1992- 1998).	 Associate, Wiggs & Holland (1976-1977); Attorney/Partner, Wiggs & Lee (1977-1978); Attorney/Partner, Wiggs Lee & McClerklin (1978-1980); Law Offices of Gerald Bruce Lee (1980-1983); Attorney/Partner, Lee & Finch (1983-1985); Law Offices of Gerald Bruce Lee & Associates (1985-1986); Aarne rae, Cohen, Dunn & Sinclair, PC. (1986-1992)	 Alexandria Bar Association; American Bar- : Association; The George Mason American Inn of Court, The American Fong of Court; Fairfax Bar Association; National Bar Association; Old Dominion Bar Association; Virginia State Bar 
146	84	 Gladys Kessler . -	 1994.	 President WilHam J. Clinton	N / A	 Staff Attorney, National Labor Relations Board (1962-1964); Legislative Assistant (D-NJ)}, Office of Senator Harrison A. Williams, United States Senate (1964-1966); Legislative Assistant (D-NY, District 22), Office of Representative Jonathan B. Bingham, United States House of Representatives (1966-3968); Staff Attorney, Office of Labor Relations, New York City Board of Education (1969)	 Associate Justice, Superior Court of the District of Columbia . (1977-1994)	 Partner, Roisman, Kessler & Cashdan (1 969-1977)	 Frederick B. Abrahamson Memorial Foundation; American Bar Association; American Bar Foundation, American Bar Association; Judicial Administration Division, American Bar Association; American Judicature Society; The District of Columbia Bar; Emstein Institute for Science, Health and the Courts; National Association of Women Judges; National Center for State Courts
45	85	 Glen E. Conrad	 October 17, 2003	N / A	N / A	 United States Probation Office, United States Department of Justice (1975-1976)	 Magistrate Judge, United States District Court for the Western	N / A	N / A
196	86	 Gregory W. Carman	 March 1983	 President Ronald Reagan	N / A	 Councilman, Town Board, Town of. Oyster Bay, New. - ~ York (1972-1980); US. Representative (R-NY, District 3}, Office of Representative Gregory W. Carman, United States House of Representatives (1981-1983) tinitional : + ge Z * t : 2 . , : .	 Member, Judicial Coriference of the United States (1996-2003);	" Cox, Langford & Brown (1967-1969); Hudson & Creyke Term Expires: September 2011 .- assigned by the chief judge to a three-judge panel. Appeals from the a - 9.19974) 8 ( } Education: South Carolina 2010 ID | ""Court of International Trade are heard by the United States Court of Chief Judge, United States Court of International Trade {1996- 2003) { Law Clerk Isabelle Young ................000cec eens (202) 357-6572 - Appeals for the Federal Circuit. The Court is located in New York City, . "	 American Bar Association; The District of Term Expires: September 2011 : also authorized to held hearings in foreign countries. _ : — ee : Columbia Bar Judicial Assistant Shera Fitzsimmons................ (202) 357-6572 | . Sainien irene a henaee Association American Bat, cB : CaurbSeatt » American. f ai ssociation; American Bar Foundation, 
160	87	 Gustavo A. Gelpi	 August 2006	 President George W. Bush	N / A	 Att i Ri i Bumails gustav eel pi@iond usc gee orney, Puertd Rico Convention Bureau Legal Practice: Private Practice (1949-1982) Military Service: United States Army (1946-1947); Military Infelligenge United States Army Reserve, United States Department of Defense (1948) Current Memberships: American Bar Association; National Conference of Federal Trial Judges, American Bar Association; The District of Columbia Bar; Federal Bar Association; Federal Judges Association; Dwight D. Opperman Institute of Judicial Administration, New York University; Puerto Rican Bar Association - Gustavo Antonio Gelpi District Judge Date of Barth: 1965 Education: Brandeis’ 1987 BA; Suffolk 1991 JD Began Service: August 2006 Appointed By: President George W. Bush Clerkships: Law Clerk The Honorable Juan M, Pérez-Giménez, United States District Court for the District of Puerto Rico (1991-1993) 		 Private Practice (1949-1982) Military Service: United States Army (1946-1947); Military Infelligenge United States Army Reserve, United States Department of Defense (1948)	 American Bar Association; National Conference of Federal Trial Judges, American Bar Association; The District of Columbia Bar; Federal Bar Association; Federal Judges Association; Dwight D. Opperman Institute of Judicial Administration, New York University; Puerto Rican Bar Association - Gustavo Antonio Gelpi District Judge Date of Barth: 1965 Education: Brandeis’ 1987 BA; Suffolk 1991 JD Began Service: August 2006 Appointed By: President George W. Bush Clerkships: Law Clerk The Honorable Juan M, Pérez-Giménez, United States District Court for the District of Puerto Rico (1991-1993) Government: Assistant Public Federal Defender (1993-1996); Special Counsel, United States Sentencing Commission (1996); Assistant to the Attorney General (1997); Deputy Attorney General (1997-1999); Solicitor General of Puerto Rico (1999-2000) / Judicial: Magistrate Judge, United States District Court for the District of Puerto Rico (2001-2006) Legal Practice: McConnell Valdés Law Firm (2001) 
213	88	 H. F Gierke	N / A	N / A	N / A	N / A	N / A	N / A	N / A
231	89	 Harold A. Baker	N / A	N / A	N / A	 Senior Counsel, Presidential Commission on the Central	N / A	 Partner, Wheat, Hatch, Corazza & Baker (1960-1978) Military Service: United States Navy (1951-1953)	 American Bar Association; American College of Trial Lawyers; Champaign County Bar Association; Illinois State Bar Association United States Tax Court 400 Second Street, NW, Washington, DC 20217 Tel: (202) 521-0700 Internet: wwwustaxcourt.gov Number of Judgeships: 19 The United States Tax Court exercises jurisdiction as provided in title 26 of the U.S. code over matters involving Federal taxation, providing a forum in which taxpayers may dispute determinations made by the Internal Revenue Service, The court is composed of 19 judges appointed to 15-year terms by the President with the advice and consent of the Senate; senior judges; and special trial judges (appointed by the Chief Fudge and authorized by statute to decide particular categories of cases), Court proceedings take place on the record and are open to the public, Decisions by the court are generally appealable to the United States Courts of Appeals serving the geographic area in which the individual taxpayer resides or the corporate taxpayer has its principle place of business.
242	90	 Harry Allen Haines	N / A	N / A	N / A	N / A	N / A	N / A	N / A
138	91	 Henry Harold Kennedy, Jr.	 October 1997	 President William J, Clinton	N / A	 Assistant United States Attorney, District of Columbia, United States Attorney’s Office, United States Department of Justice, Gerald Ford Administration (1973-1976)	 United States Magistrate, United States District Court for the	N / A	 American Bar Association; The American Law Institute; The Bar Association of the District of Cohimbia; The District of Columbia Bar; National Bar Foundation, National Bar Association
245	92	 Herbert L. Chabot	 April-3, 1978	 President Jimmy Carter	N / A	 Associate, Joint Committee on Taxation, United States	N / A	N / A	N / A
246	93	 Howard A. Dawson, Jr.	N / A	N / A	N / A	N / A	N / A	N / A	N / A
103	94	 Irene Cornelia Berger	N / A	N / A	N / A	N / A	N / A	N / A	N / A
10	95	 J. Garvan Murtha.	N / A	N / A	N / A	N / A	N / A	N / A	N / A
83	96	 J. Richard Creatura ©	N / A	N / A	N / A	N / A	N / A	N / A	N / A
110	97	 J.P Stadtmueller	N / A	N / A	N / A	N / A	N / A	N / A	N / A
47	98	 Jackson L. Kiser	N / A	N / A	N / A	N / A	N / A	N / A	N / A
159	99	 Jaime Pieras, Jr.	N / A	N / A	N / A	N / A	N / A	N / A	N / A
274	100	 James B. Loken,	N / A	N / A	N / A	N / A	N / A	N / A	N / A
26	101	 James C. Cacheris	N / A	N / A	N / A	N / A	N / A	N / A	N / A
224	102	 James C. Cacheris,	 1987	 President Ronald Reagan	N / A	N / A		 Partner, Hunton & Williams LLP (1969-1987) “” Mititary Service: United States Navy (1961-1966) Academic: Lecturer, Law School, The George Washington University (1983-1984) Govemment: Assistant Corporation Counsel, Commonweaith of Virginia (1960-1962} Judicial: Judge, Virginia Circuit Court, 19th Judicial Circuit (1971-1981); Judge, Alien Terrorist Removal Court 	 Foreign Intelligence Surveiliance Court Statf Law Clerk Tyler MeGaughey........................ (703) 299-2114 Began Service: 2010 ‘ , E-mail: tyler_megaughey@vaed,uscourts.gov Law Clerk Benjamin Sachs......................... (703) 299-2314 Began. Service: 2010 ‘ E-mail: benjamin_sachs@lvaed uscourts.gav Permanent Law Clerk Erica Petri..................... (703) 299-2114 E-mail: erica_petri@vaed.uscourts.gov
28	103	 James C. Cacheris, Adlen	 1987	 President Ronald Reagan	N / A	N / A		 Partner, Hunton & Williams LLP (1969-1987) “” Mititary Service: United States Navy (1961-1966) Academic: Lecturer, Law School, The George Washington University (1983-1984) Govemment: Assistant Corporation Counsel, Commonweaith of Virginia (1960-1962} Judicial: Judge, Virginia Circuit Court, 19th Judicial Circuit (1971-1981); Judge, Alien Terrorist Removal Court 	 Foreign Intelligence Surveiliance Court Statf Law Clerk Tyler MeGaughey........................ (703) 299-2114 Began Service: 2010 ‘ , E-mail: tyler_megaughey@vaed,uscourts.gov Law Clerk Benjamin Sachs......................... (703) 299-2314 Began. Service: 2010 ‘ E-mail: benjamin_sachs@lvaed uscourts.gav Permanent Law Clerk Erica Petri..................... (703) 299-2114 E-mail: erica_petri@vaed.uscourts.gov
46	104	 James C. Turk	N / A	N / A	N / A	N / A	N / A	N / A	N / A
96	105	 James E. Seibert	 1985	N / A	N / A	N / A	N / A	 Seibert & Kasserman, LC (1969-1999)	N / A
117	106	 James E. Shapiro	N / A	N / A	N / A	N / A	N / A	N / A	N / A
71	107	 James L. Robart	N / A	N / A	N / A	N / A	N / A	N / A	N / A
80	108	 James P. Donohue	N / A	N / A	N / A	N / A	N / A	N / A	N / A
64	109	 James P. Hutton	 January 2008	N / A	N / A	N / A	N / A	N / A	N / A
13	110	" James R. Spencer """	 1986 :	 President Ronald Reagan	N / A	 Assistant United States Attorney, Eastern District of Virginia,	N / A	 Staff Attorney, Atlanta Legal Aid Society (1974-1975) Military Service: United States Army (1975-1978); United States Army Reserve, United States Department of the Army (1981-1986)	 American Bar Association, The Bar Association of the District of Columbia; The District of Columbia Bar; Old Dominion Bar Association; Richmond Bar Association; State Bar of Georgia; Virginia State Bar
147	111	 James Robertson	N / A	N / A	N / A	N / A	N / A	N / A	N / A
235	112	 James S. Halpern	N / A	N / A	N / A	N / A	N / A	N / A	N / A
198	113	 Jane A. Restani	N / A	N / A	N / A	N / A	N / A	N / A	N / A
275	114	 Jane A. Restani, United	N / A	N / A	N / A	N / A	N / A	N / A	N / A
157	115	 Jay A. Garcia-Gregory	 August 1, 2000	 President William J. Clinton	N / A	N / A	N / A	 Associate, Fiddler Gonzalez & Rodriguez, PS.C. Military Service: United States Navy Reserve (1962-1964)	 American Judicature Society; The District of Columbia Bar; Federal Bar Association; Puerto Rico Chapter, Federal Bar Association; Federal Circuit Bar Association; Federal Judges Association; Hispanic National Bar Association.
17	116	 Jerome B. Friedman	 November 25, 1997	 President William J. Clinton	N / A	N / A	 Judge, Virginia Beach Juvenile & Domestic Relations District Court (1985-1991); Judge, Virginia Beach Cireuit Court (1991-1997)	 Associate, Steingold & Steingold {1970-1971}; Associate, Shapero, Levine & Abraham (1971); Associate, Shapero & Levine (1971); Partner, Shapero, Levine & Friedman (1972-1974); Partner, Levine & Friedman (1974-1982); Partner, Pender & Coward (1983-1985)	 Federal Bar Association; Federal Judges Association; The Virginia Bar Association; Virginia State Bar
153	117	 Joaquin Vv. E.	N / A	N / A	N / A	N / A	N / A	N / A	N / A
7	118	 Joel T. Marker	 July 9, 2016	N / A	N / A	N / A	N / A	N / A	N / A
21	119	 John A. MacKenzie,	N / A	N / A	N / A	N / A	N / A	 Associate, McGuire Woads LLP (1989-1996); Partner,	N / A
78	120	 John C. Coughenour	N / A	N / A	N / A	N / A	N / A	N / A	N / A
123	121	 John C. Shabaz	 1992 Term Expires: January 21, 2016 Clerkships: Judicial Law Clerk The Honorable Barbara Crabb, United States District Court for the Western District of Wisconsin (1983-1984) Government: Trial Attorney, United States Department of Justice {1984-1986}; Assistant United States Attorney, Northern District of Illinois, United States Department of Justice (1986-1990) Legal Practice: Associate, Michael, Best & Friedrich (1990-1992) John C. Shabaz Senior Judge “Date of Birth; 1931 Education: Marquette 1957 LLB; Wisconsin 1999 BS 	 President Ronald Reagan	N / A	 Trial Attorney, United States Department of Justice	N / A	 Associate, Michael, Best & Friedrich (1990-1992) John C. Shabaz Senior Judge “Date of Birth; 1931 Education: Marquette 1957 LLB; Wisconsin 1999 BS Began Service: January 20, 2009 Appointed By: President Ronald Reagan	 Dane County Bar Association; State Bar of Wisconsin 
142	122	 John D. Bates	 December 20, 2001 .	 President George W. Bush	N / A	 Assistant U.S. Attomey, District of Columbia District,	N / A	 Associate, Steptoe & Johnson LLP (1977-1980); Partner, Milier & Chevalier (1998-2001) Fs : s Military Service: United States Army (1968-1971)	 The District of Columbia Bar; Maryland State Bar Association, Inc, 
259	123	 John F. Dean	.1994	N / A	N / A	 Office of Chief Counsel, Internal Revenue Service, United	N / A	N / A	N / A
194	124	 John FP Wiese	N / A	N / A	N / A	N / A	N / A	N / A	N / A
260	125	 John G. Heyburn II,	N / A	N / A	N / A	N / A	N / A	N / A	N / A
272	126	 John Glover Roberts,	N / A	N / A	N / A	N / A	N / A	N / A	N / A
11	127	 John M. Conroy	N / A	N / A	N / A	N / A	N / A	N / A	N / A
150	128	 John M. Facciola	 August 18, 1997	N / A	N / A	 Assistant United States Attorney, District of Columbia,	N / A	 Associate and Partner, Wilkinson, Cragun & Barker (1974-1982)	 American Bar Association; American Bar Foundation, American Bar Association 
232	129	 John O. Colvin j	 1988	 President Ronald Reagan	N / A	 Associate, Office of the Chief Counsel, United States Coast _	N / A	N / A	 Federal Bar Association Ba Clerk Nils Cousin. .........2...0.......0.00005 (202) 521-0688 ‘Began. Service: 2007 ‘Law Clerk Scott Garrison .........0 0000002 ce (202) 521-0688 ‘Atfomey Advisor Jonathan D. Grossberg savewnay Sees (202) 521-0688 Chambers Administrator Bernice Willlams...........-.. (202) 521-0688
93	130	 John Preston Bailey	 March 22, 2007	 President George W. Bush	N / A	 Assistant Prosecuting Attorney, Ohio County, West Virginig	N / A	 Attomey, Bailey, Riley, Buch & Harman, L.C. (1978-2007)	N / A
97	131	 John S. Kaull	 May 6, 1999	N / A	N / A	N / A	N / A	 West & Jones Law Firm (1971-2001)	N / A
233	132	 Joseph Robert Goeke -	N / A	N / A	N / A	N / A	N / A	N / A	N / A
100	133	 Joseph Robert Goodwin	 May 15, 1995	 President William. J.: Clinton	N / A	N / A	N / A	 Partner, Goodwin & Goodwin (1970-1995)	N / A
154	134	 José Antonio Fusté	N / A	N / A	N / A	N / A	N / A	N / A	N / A
254	135	 Juan F Vasquez	N / A	N / A	N / A	N / A	N / A	N / A	N / A
163	136	 Juan M. Pérez-Giménez	 1979	 President Jimmy Carter	N / A	 Assistant U.S. Attorney, Puerto Rico District, Executive Office for United States Attorneys, United States Department of Justice (1971-1975)	 Magistrate Judge, United States District Court for the District of Puerto Rico (1975-1979)	 Associate, Goldman, Antonetti & Davila (1968-1971)	N / A
201	137	 Judith M. Barzilay	N / A	N / A	N / A	N / A	N / A	N / A	N / A
247	138	 Julian 1. Jacobs	N / A	N / A	N / A	N / A	N / A	N / A	N / A
164	139	 Justo Arenas	 April 1981	N / A	N / A	 Assistant United States Attorney, District of Puerto Rico, Office of the United States Attorney, United States Department of Justice (1978-1981)	 Temporary Magistrate Judge, United States District Court for the District of New Hampshire (1992-1993)	 Private Practice (1975) Military Service: United States Army (1968-1970)	 American Bar Association
88	140	 Karen A.	 January 3, 1994	N / A	N / A	N / A	N / A	 Partner, Davis Wright Tremaine LLP	 American Bar Association; National Conference of Bankruptcy Judges
79	141	 Karen L.	N / A	N / A	N / A	N / A	N / A	N / A	N / A
267	142	 Kathryn Hoefer Vratil	N / A	N / A	N / A	N / A	N / A	N / A	N / A
268	143	 Kathryn Hoefer —	N / A	N / A	N / A	N / A	 Municipal Judge, City of Prainé Village (1990-1992) -	 Attorney, Lathrop & Norquist (1978-1992)	 American Bar Foundation, American Bar Association; The Earl E. O’Connor American Inn of Court, The American Inns of Court; Association for Women Lawyers of Kansas City; Federal Judges Association; Johnson County Bar Association; Johnson County Bar Foundation, Johnson County Bar Association; Kansas Bar Association; Kansas Bar Foundation, Kansas Bar Association; Kansas City Metropolitan Bar Association; Lawyers Association of Kansas City; National Association of Women Judges; Wyandotte County Bar Association
42	144	 Kevin R. Huennekens	N / A	N / A	N / A	N / A	N / A	N / A	N / A
238	145	 L. Paige Marvel	 April 6, 1998	 President William J. Clinton	N / A	N / A	N / A	 Member, Garbis, Marvel & Junghans, P.A. (formerly Garbis & Schwait) (1974-1986); Member, Melnicove, Kaufman, Weiner, Smouse & Garbis, PA. (1986-1988); Partner, Venable, Baetjer & Howard, LLP (1988-1998)	 American Bar Association; American Bar Foundation, American Bar Association; American College of Tax Counsel;- The American Law kastitute; Maryland State Bar Association, Inc.; Maryland Bar Foundation, Maryland State Bar Association, Inc.
250	146	 Laurence J. Whalen	 November 23, 1987	 President Ronald Reagan	N / A	 Trial Attorney, Tax Division, United States Department of	N / A	 Partner, Hamel & Park (1977- 1984): — Crowe &- Dunlevy (1984-1987) Military Service: United States Army Reserve, United States — of the Army (1971)	 Avsetieen Bar Assocatio: Federal Bar fssecaation 
219	147	 Lawrence B. Hagel -	N / A	 President George W. Bush	N / A	N / A	N / A	N / A	 The District of Columbia Bar; Federal Bar Association; Iowa State Bar Association; State Bar of Califérnia | (202) 501-5870 (202) 501-5870 (202) 501-5870
179	148	 Lawrence M. Baskir	 October 23, 1998	 President William J. Clinton	N / A	 Chief Counsel and Staff Director, Subcommittee	N / A	N / A	N / A
191	149	 Lawrence S. Margolis	 December 10, 1982	 President Ronald Reagan	N / A	 Faculty, Federal Judicial Center; Patent Examiner, Patent : Office, United States Department of Commerce (1957-1962); Patent . Advisor, Office of White Gak, Naval Ordinance Laboratory (1962- 1963); . Assistant Corporation Counsel, District of Columbia (1963- 1966); Trial Attomey and Special Assistant United States Attorney, District of Columbia, Criminal Division, United States Department of Justice (1966-1968); Consultant, President’s National Crime Commission, Executive Office of the President, Lyndon B. Johnson Administration (1966-1967); Assistant United States Attorney, District of Columbia, Office of the United States Attorney, United States Department of Justice (1968-1971)	 Magistrate Judge, United States District Court for the District of Columbia (1971-19823	 Private Practice (1963-1966)	 American Bar Association; American Bar Foundation, American Bar Association; The Bar Association of the District of Columbia; Federal Bar Association; Dwight D. Opperman Institute of Judicial Administration, New York University
204	150	 Leo M. Gordon	N / A	N / A	N / A	N / A	N / A	N / A	N / A
15	151	 Leonie M. Brinkema	 October 21, 1993 :	 President William J. Clinton	N / A	N / A	 Magistrate Judge, United States District Court for the Eastern District of Virginia (1985-1993)	 Private Practice (1984-1985)	 Alexandria Bar Association; Virginia State Bar; Virginia Women Attorneys Association
258	152	 Lewis R. Carluzzo	 1994	N / A	N / A	 Associate, Office of Chief Counsel, Internal Revenue Service,	N / A	 Private Practice (1975)	N / A
19	153	 Liam O'Grady	 September 21, 2007	 President George W. Bush	N / A	N / A	N / A	N / A	 American Bar Association; Arlington County Bar Association; The District of Columbia Bar; Federal Bar Association; The : Virginia Bar Association
56	154	 Lonny R. Suko	 July 12, 2009	 President George W. Bush	N / A	N / A	 Magistrate Judge (part-time), United States District Court for the Eastern District of Washington (1971-1991); Magistrate Fudge, United States District Court for the Eastern District of Washington (1995-2003)	 Partner, Lyon, Weigand, Suko & Gustafson (1969-1995)	 American Bar Association; Washington State Bar Association
192	155	 Loren A. Smith	 September 12, 1985	 President Ronald Reagan	N / A	 Attorney, Federal Communications Commission (1973); Assistant to the Special Counsel to the President, Executive Office of the President, Richard M. Nixon Administration (1973- -1974}; Special Assistant U.S. Attorney, District of Columbia District, Executive Office for United States Attorneys, United States Department of Justice (1974-1975); Chief Counsel, Ronald Reagan for President (1976) (1976); Deputy Director, Reagan-Bush Transition Team (1980-1981); Chief Counsel, Ronaid Reagan for President (1980) (1980)	 Chief Judge, United States Court of Federal Claims (1986-2000)	 Consultant, Sidley Austin LLP (1972-1973)	 United States Court of Federal Claims Bar; United States Supreme Court Bar . : Membership: Chairman, Administrative Conference of the United States (1981-1985)
144	156	 Louis K Oberdorfer	 1977	 President Jimmy Carter	N / A	N / A	N / A	 Attorney, Paul, Weiss, Rifkind, Wharton & Garrison LLP (1947-2951); Attorney, Wilmer Cutier & Pickering LLP (1954-1961); Attorney, Wilmer Cutler & Pickering LLP (1965-1977) Military Service: United States Army (£941-1946)}	 American Bar Association; The American Law Institute; Birmingham Bar Association; The District of Columbia Bar; Federal Bar Association; The Historical Society of the District of Cohumbia Circuit
111	157	 Lynn Adelman	 December 9, 1997	 President William J. Clinton	N / A	 State Senator (D-WI,,28), Wisconsin State Senate	N / A	 Trial Attorney, Legal Aid Society, Criminal Courts Division (1967-1968); Sole practitioner, Law Office of Lynn Adelman (1968-1972); Associate, Law Office of Coffey, Lerner & Murray (1972-1973); Partner, Law Office of Lerner & Adelman (1973-1978); Sole practitioner, Law ' Office of Lynn Adelman (1978-1983); Partner, Law Office of Adetman: & Adelman (1983-1988); Partner, Law Firm of Adelman, Adelman & Murray, 8.C. (1988-1997)	 State Bar of Wisconsin
180	158	 Lynn J. Bush	 October 26, 1998	 President William J. Clinton	N / A	 Trial Attorney, Commercial Litigation Branch, Civil	N / A	N / A	 Board of Contract Appeals Judges Association; Boards of Contract Appeals Bar Association; National Association of Women Judges; National Bar Association
37	159	 M. Hannah Lauck	N / A	N / A	N / A	N / A	N / A	N / A	N / A
167	160	 Marcos E. Lopez : Judicial Assistant Jenny Oliveras »..............:.,.. (787) 977-6024	N / A	N / A	N / A	N / A	N / A	N / A	N / A
212	161	 Margaret A. Ryan	N / A	N / A	N / A	N / A	N / A	N / A	N / A
116	162	 Margaret Dee	 1987	N / A	N / A	N / A	N / A	 Private Practice (1977-1987)	 American Bankruptcy Institute; American College of Bankruptcy; Fhe American Inns of Court; Milwaukee Bar Association; National Association of Women Lawyers; National Conference of Bankruptcy Judges; State Bar of Wisconsin
189	163	 Margaret Mary Sweeney	N / A	N / A	N / A	N / A	N / A	N / A	N / A
178	164	 Marian Blank Horn	N / A	N / A	N / A	N / A	N / A	N / A	N / A
20	165	 Mark S. Davis	N / A	N / A	N / A	N / A	N / A	N / A	N / A
236	166	 Mark van Dyke Holmes	 June 30, 2003 /	 President George W. Bush	N / A	 Counsel to Commissioners, United States International Trade	N / A	 Associate, Cahill Gordon & Reindel LLP (1983-1985); Associate, Sullivan & Cromwell LLP ee 1991}; Counsel, Miller & Chevalier (1996-2001) ‘	 Section on » Litigation, American Bar Association; Section of Taxation, American Bar Association
69	167	 Marsha J. Pechman	 October 4, 1999	 President William J. Clinton	N / A	 Deputy Prosecutor, Office of the Prosecuting Attorney, County of King, Washington (1976-1979)	 Superior Court Judge, King County Superior Court (1988-1999)	 Associate, Levinson, Friedman, Vhugen, Duggan, Bland & Horowitz (1981-1986); Partner, Levinson, Friedman, Vhugen, Duggan, Bland & Horowitz (1987-1988) ,	 Federal Judges Association; King County Bar Association; Washington State Bar Association
234	168	 Mary Ann Cohen	 September 24, 1982	 President Ronald Reagan	N / A	 Office of the Chief Counsel, Internal Revenue Service,	N / A	 Member, Abbott & Cohen (1967-1982)	 American Bar Association; State Bar of California Government: Office of the Chief Counsel, Internal Revenue Service, - United States Department of the Treasury (1980-1988) : _Legal Practice: Partner, Mayer, Brown, Rowe & Maw LLP (1988 2003).
105	169	 Mary E. Stanley.	 1992	N / A	N / A	 Assistant United States Attorney, Southern District of West	N / A	 Attorney, Columbia Gas Transmission Corp. (1973-1976)	 The West Virginia State Bar
184	170	 Mary Ellen Coster Williams	N / A	N / A	N / A	N / A	N / A	N / A	N / A
223	171	 Mary J. Schoelen	 2004	 President George W. Bush	N / A	N / A	N / A	N / A	N / A
253	172	 Maurice B: Foley	 April 9, 1995	 President Wiiliam J. Clinton	N / A	 Attorney, Office of the Chief Counsel, Internal Revenue	N / A	N / A	 State Bar of Califomia
230	173	 Michael A.	N / A	N / A	N / A	N / A	N / A	N / A	N / A
229	174	 Michael A. Telesca	N / A	N / A	N / A	N / A	N / A	N / A	N / A
239	175	 Michael B. Thornton	N / A	N / A	N / A	N / A	N / A	N / A	N / A
51	176	 Michael F Urbanski	N / A	N / A	N / A	N / A	N / A	N / A	N / A
279	177	 Myron H. Thompson,	N / A	N / A	N / A	N / A	N / A	N / A	N / A
182	178	 Nancy B. Firestone	 December 4, 1998	 President William J. Clinton	N / A	 Attorney, Appellate Section, Environmental Enforcement	N / A	N / A	 American Bar Association; The Missouri Bar Association
128	179	 Nancy D. Freudenthal	N / A	N / A	N / A	N / A	N / A	N / A	N / A
206	180	 Nicholas Tsoucalas	 June 6, 1986	 President Ronald Reagan.	N / A	 Assistant United States nina Southern District of New York, United States Department of Justice (1955-1959); Supervisor, 1966 Census, 17th and 18h Congressional Districts, United States Department of Commerce (1959-1960)	 Judge, Criminal Court of the City of New York (1968-1975); Acting Judge, New York Supreme Court, Kings and Oueens Counties (1975-1982); Judge, Criminal Court of the City of New York (1982-1986)	 Private Practice (1953-1955); Private Practice (1959-1968)	N / A
48	181	 Norman K. Moon	N / A	N / A	N / A	N / A	N / A	N / A	 American Bar Association; American Judges Association; American Judicature Society; National Institute of Trial Advocacy; The Virginia Bar Association; Virginia State Bar ;
49	182	 Norman K. Moon, United States	N / A	N / A	N / A	N / A	N / A	N / A	 American Bar Association; American Judges Association; American Judicature Society; National Institute of Trial Advocacy; The Virginia Bar Association; Virginia State Bar ;
119	183	 Pamela Pepper	N / A	N / A	N / A	N / A	N / A	N / A	N / A
66	184	 Patricia C. Williams	 July 14, 1997 Term Expires: July 13, 2011_ Current Memberships: National Conference of Bankruptcy Judges; Washington Women Lawyers (Stewart Street, Suite 15125, Seattie, WA 98101 rel: (206) 370-8810 “mail: robert_lasnik@wawd.uscourts. gov. , Fiducation: Brandeis 1972 AB; Nodimatin. 1973 MS, 1974 MA; TJ Washington 1978 FD 	 President William J. Clinton	N / A	 Deputy Prosecutor, Office of the Prosecutor, Criminal Division, County of King, Washington (1978-1981); Senior Deputy. Prosecutor, Office of the Prosecutor, County of King, Washington © (1981-1983); Chief of Staff, Office of the Prosecutor, County of King, -~ Washington (1983-1990)	 Judge, Washington Superior Court, King County (1990- 1998)	N / A	 National Conference of Bankruptcy Judges; Washington Women Lawyers (Stewart Street, Suite 15125, Seattie, WA 98101 rel: (206) 370-8810 “mail: robert_lasnik@wawd.uscourts. gov. , Fiducation: Brandeis 1972 AB; Nodimatin. 1973 MS, 1974 MA; TJ Washington 1978 FD Began Service: December 2, 1998 ‘Appointed By: President William J. Clinton ademic: Lecturer, School of Law, University of Washington (1980) : Government: Deputy Prosecutor, Office of the Prosecutor, Criminal Division, County of King, Washington (1978-1981); Senior Deputy. Prosecutor, Office of the Prosecutor, County of King, Washington © (1981-1983); Chief of 
113	185	 Patricia J. Gorence ; .	N / A	N / A	N / A	 Assistant United States Attorney, Eastern. District of	N / A	N / A	 American Bar Association; The American Law institute; The Seventh Circuit Bar Association, Federal Bar Association; Federal Magistrate Judges Association; Milwaukee Bar Association: National Association of Women Lawyers; State Bar of Wisconsin
99	186	 Patrick BM.	 2006	N / A	N / A	N / A	N / A	N / A	N / A
92	187	 Paul B. Snyder	 November 1, 1996	N / A	N / A	N / A	N / A	 Partner, Davies Pearson, PC. (1980-1990); Partner, McGavick Graves, PS. (1990-1996) Military Service: United States Naval Reserve (1966-1974)	 American Bankruptcy Institute; American Bap Association; National Conference of Bankmiptcy Judges 
148	188	 Paul L. Friedman	 January 1, 2010	N / A	N / A	 Assistant United States Attorney, District of Columbia,	N / A	 Attorney, White & Case LLP (1976-1994)	 American Academy of Appellate Lawyers; American Bar Association; American Bar Foundation, American Bar Association; American College of Trial Lawyers; The District of Columbia Bar
5	189	 Paul M. Warner	N / A	N / A	N / A	N / A	N / A	N / A	 American Bankruptcy Institute; National Conference of Bankruptcy Judges Paul Michael Warner
135	190	 Peter J. McNiff	 1994	N / A	N / A	N / A	N / A	N / A	N / A
256	191	 Peter J..	N / A	N / A	N / A	N / A	N / A	N / A	N / A
89	192	 Philip H. Brandt	N / A	N / A	N / A	N / A	N / A	N / A	N / A
106	193	 R. Clarke VanDervor	 December 2001	N / A	N / A	N / A	N / A	N / A	N / A
207	194	 R. Kenton Musgrave	 November 13, 1987	 President Ronaid Reagan	N / A	 Commissioner, Boy Scouts of America (1952-1955)	N / A	 Assistant General Counsel, Lockheed Aircraft and Lockheed International, Inc. (1953-1962); Partner, Musgrave, Welbourn and Fertman (1972-1975)	 International Bar Association; Los Angeles County Bar Association; State Bar of California; State Bar of Georgia
6	195	 R. Kimball Mosier	 February 2009	N / A	N / A	N / A	N / A	N / A	N / A
16	196	 Raymond A. Jackson	 1993	 President William J, Clinton	N / A	 Assistant United States Attorney, Eastern District of Virginia,	N / A	 Captain, Judge Advocate Generai’s Corp United Stars Army (1973-1977) Military Service: United States Army (1973-1977); Colonel United States Army Reserve, United States Department of the Army	 Fhe P Anson-Hoffman American Inn of Court; Norfolk and Portsmouth Bar Association; Old Dominion Bar Association; South Hampton Roads Bar Association; United States District Judges Association; The Virginia Law Foundation; Virginia State Bar
161	197	 Raymond L. Acosta	 1982	 President Ronald Reagan	N / A	 Special Agent, Federal Bureau of Investigation, United States	N / A	 Private Practice (1953-1954); Baker & Woods (1962-1963); Partner, Tgaravidez & Acosta (1 963-1967) Military Service: United States Navy (1943-1946)	 Federal Bar Association; Puerto Rico Chapter, Federal Bar Association; Society of Former Special Agents of the FBI, Inc,
175	198	 Raymond L. Finch	 August 15, 1994	 President William J. Clinton	N / A	N / A	N / A	 Partner, Hodge, Sheen, Finch & Ross (1971-1975) Military Service: United States Army (1966-1969)	 American Bar Association, American Judges Association; American Judicature Society; National Bar Association 
14	199	 Rebecca Beach Smith	N / A	N / A	N / A	N / A	N / A	N / A	N / A
141	200	 Reggie B. Walton	N / A	N / A	N / A	N / A	N / A	N / A	N / A
244	201	 Renato Beghe	 March 26, 1991	 President George H.W. Bush	N / A	N / A	N / A	 Associate, Carter Ledyard & Milburn LLP (1954-1965); Partner, Carter Ledyard & Milburn LLP (1965-1983); Partner, Morgan, Lewis & Bockius LLP (1983-1989)	 American Bar Association; American College of Tax Counsel; The American Law Institute; The Association of the Bar of the City of New York; International Bar Association; The New York State Bar Association
73	202	 Ricardo S. Martinez	 June 204	 President George W. Bush’	N / A	N / A	 King County Superior Court (1990-1998); Federal Magistrate Judge (1998-2004)	 King County Prosecutor’s Office (1980-1990)	N / A
74	203	 Richard A. Jones	 October 29, 2007	 President George W. Bush	N / A	 Community Liaison Officer, Office of the Prosecuting Attorney, County of King, Washington (1975-1977); Deputy Prosecuting Attorney, Office of the Prosecuting Attorney, County of King, Washington (1977-1978); Staff Attorney, Port of Seattle (1978-1983); Assistant United States Attorney, Washington - Western District, Executive Office for United States Attorneys, United States Department of Justice (1988-1994)	 Judge, King County Superior Court, County of King, Washington (1994-2007)	 Associate, Bogle & Gates (1983-1988} Judicial Yellow Book United States District Court for the Western District of Washington 521 ambers of Senior Judge Walter T. McGovern “stewart Street, Suite 13229, Seattle, WA 98101 206) 370-8860 Fax: (206) 370-8861 walter_mcgovern(@)wawd.uscourts.gov 00 mail: Walter T. McGovern spior Judge ate OF Birth: May 24, 1922 iducation: U Washington 1948 BA, 1950 LLB egan Service: May 14, 1971 ppointed By: President Richard M. Nixan udicial: Judge, Seattle Municipal Court {1959-1965}; Judge, Washington - Superior Court (1965-1968); Judge, Washington Supreme Court 1968-1971) ‘	 King County Bar Association; Washington, State
24	204	 Richard L. Williams	N / A	N / A	N / A	N / A	N / A	N / A	N / A
243	205	 Richard TF. Morrison	N / A	N / A	N / A	N / A	N / A	N / A	N / A
139	206	 Richard W, Roberts	 July 31, 1998	 President William J. Clinton	N / A	 Assistant United States Attorney, Southern District of New	N / A	 Associate, Covington & Burling (1982-1986)	N / A
208	207	 Richard W. Goldberg	 March 23, 1991	 President George H.W. Bush	N / A	 State Senator Richard W. Goldberg (R-ND}, North Dakota	N / A	 Practicing Attorney, Anderson, Hibey & Blair (1989-1991)	N / A
241	208	 Robert A. Wherry, Jr. Tel: (202} 5	N / A	N / A	N / A	N / A	N / A	N / A	N / A
101	209	 Robert C. Chambers	N / A	N / A	N / A	N / A	N / A	N / A	N / A
124	210	 Robert D.	 1978	N / A	N / A	N / A	N / A	 Ross & Stevens (1969-1978)	 American College of Bankruptcy; American Judicature Society; National Bankruptey Conference; National Conference of Bankruptcy Judges; State Bar of Wisconsin; Turnaround Management Association
29	211	 Robert E. Payne.	N / A	 President George H.W. Busk	N / A	N / A	 District Judge, United States District Court for the Eastern District	N / A	 American Bar Association; Richmond Bar Association; Virginia Association of Defense Attorneys; The Virginia Bar Association; Virginia State Bar
25	212	 Robert G. Doumar	 1982	 President Ronald Reagan	N / A	 Assistant City Attorney, Office of the Cray keomey	N / A	 Associate, Venable, Parsons, Kyle & Hylton (1955- 1958). (7 oprai: Henry Morgan@vaed. uscourts.gov Senior Partner, Doumar, Pincus, Knight & Harlan (1958-1982) Military Service: United States Army (1953-1955)	 American Association for Justice; American Bar : Association; The American Inas of Court; American Judicature Society, Defense-Research Institute; Federal Bar Association; Federal Judges Association; International Society of Barristers; Maritime Law Association, of the United States; The Virginia Bar Association; Virginia State Bar; Virginia Trial Lawyers Association ry Coke Morgan, Jr. enior Fudge ite of Birth: 1935 jication: Washington and Lee 1957 BS, 1966 JD; Virginia 1998 LLM gat Service: May 1, 1992 spointed By: President George H.W. Bush ‘Government: Assistant City Attorney, Office of the Cray keomey ‘ommmonwealth of Virginia (1960-1963) Legal Practice: Parmer, Pender & Coward (1963-1992) Mititary Service: United States ao Reserve, United States Department’ of ‘the Army (1958-1959) . 
41	213	 Robert G. Mayer	 October 15, 1999	N / A	N / A	N / A	N / A	N / A	N / A
195	214	 Robert H. Hodges, Jr.	N / A	N / A	N / A	N / A	N / A	N / A	N / A
76	215	 Robert J. Bryan	N / A	N / A	N / A	N / A	N / A	N / A	N / A
190	216	 Robert J. Yock ..	 October J, 1982	 President Ronald Reagan	N / A	 Chief Counsel, United States National Archives and	N / A	 Associate, Thomas, King, Swenson & Collatz (1966-1969) Military Service: United States Navy (1962-1946)	" The District of Columbia Bar; Minnesota State Bar Association . : Fali 2016 © Leadership Directories, |nc.: Judicial Yellow Book Judicial Yellow Book United States Court, of Federal Claims 555. am mbers of Senior Judge James FE Merow ‘onal Courts Building, 717 Madison Place, NW, Suite 601, agton, DC 26005 ""(202) 357-6612 ‘of Birth: 1932 jucation George Washington 1953 AB, 1956 JD egan Service: October 1, 1982 ppointed By: President Ronald Reagan ¢ avernment: Trial Attorney, Civil Division, United States Department of ‘tice (1956); Toal Attorney, Branch Director, Civil Division, United Sfates Department of Justice (1959-1978) dicial: Trial Commissioner, United States Court of Claims (1978-1982) Military Service: United States Army, Judge Advocate General Corps (1956-1959) vent Memberships: American Bar Association; The District of ‘Columbia Bar, Federal Bar Association; Virginia State Bar"
264	217	 Robert L. Miller, Jr,	N / A	N / A	N / A	N / A	 Judge, St. Joseph Superior Court, St. Joseph County (1975-1986)	N / A	N / A
263	218	 Robert L. Miller, Jr.	N / A	N / A	N / A	N / A	N / A	N / A	N / A
257	219	 Robert N. Armen, Jr	 1993	N / A	N / A	 Associate, Office of the Chief Counsel, Internal Revenue .--	N / A	N / A	N / A
222	220	 Robert N. Davis	 2004	 President George W. Bush	N / A	 Mississippi Commissioner, National Conference of	N / A	N / A	 American Bar Association Membership: Arbitrator and Mediator, American Arbitration Association; Arbitration Panel Member, United States Olympic Committee
249	221	 Robert P Ruwe	 November 20, 1987	 President Ronald Reagan	N / A	 Special Agent, Intelligence Division (Criminal Investigation)	N / A	N / A	N / A
70	222	 Ronald B. Leighton	 November 26, 2002	 President George W. Bush	N / A	N / A	N / A	 Partner, Gordon, Thomas, Honeywell, Malanca, Peterson &	N / A
107	223	 Ronald G. Pearson	 1983	N / A	N / A	N / A	N / A	N / A	N / A
58	224	 Rosanna Majouf Peterson	N / A	N / A	N / A	N / A	N / A	N / A	N / A
143	225	 Rosemary M. Collyer	 January 2, 2003	 President George W. Bush	N / A	 Chairman, Federal Mine and Safety Health Review	N / A	 Associate, Sherman & Howard L.L.c. (1977-1981); Partner, Crowell & Moting LLP (1989-2002)	 The Bar Association of the District of Columbia; Colorado Bar Association
53	226	 Ross W. Krumm	 January 1, 1986	N / A	N / A	N / A	N / A	N / A	N / A
136	227	 Royce C. Lamberth	N / A	N / A	N / A	N / A	N / A	N / A	N / A
109	228	 Rudolph T. Randa	 August 12, 1992	 President George H.W. Bush	N / A	 Office of the City Attorney, City of Milwaukee, Wisconsin (1970-1975) ;	 Municipal Judge, City of Milwaukee (1975-1979); Judge, Wisconsin Circuit Court, County of Milwaukee (1979-1992); Judge, Wisconsin Court of Appeals, District One, County of Milwaukee (1981-1984)	 Scle Practitioner (1966-1967}	N / A
151	229	 S$. Martin Teel, Jr.	N / A	N / A	N / A	N / A	N / A	N / A	N / A
162	230	 Salvador E. Casellas	 November 1, 1994	 President William 7 Clinton	N / A	 Secretary of the Treasury, Commonwealth of Puerto Rico	N / A	 Attorney, Fiddler Gonzalez & Rodriguez, PS.C. (1962-1972); Attorney, Fiddler Gonzalez & Rodriguez, PS.C. (1 977-1994) Military Service: United States Army (1961-1962); United States Army Reserve, United States Department of the Army (1963-1967); Civilian Aide to the Secretary of the Anny, United States Army (£985-1989}	 American Bar Association; Puerto Rico Chapter, Federal Bar Association; Puerto Rican Academy of Jurisprudence
2	231	 Samuel Alba	 October 1, 1992	N / A	N / A	N / A	N / A	N / A	 American Bar Association; Federal Bar Association; Federal Magistrate Judges Association; National Trial Lawyers. s Association; Salt Lake County Bar Association; State Bar of Arizona; Utah,” State Bar United States Bankruptcy Court for the District of Utah 401 Frank E. Moss U.S. Courthouse, 356 Seuttt Main Street, galt Lake City, UT 84101 ‘Tel: (801) 324-6687 Tel: (800) 676-6856 (Toll Free PACER) Tel: (B01) 524-3107 (VCIS) (800) 773-6740 (Toll Free VCIS} Fax: (801) 524-4409 |: bankruptey_clerk(@utb.uscourts.gov . = Intemet: www.utb.uscourts.gov 
44	232	 Samuel G. Wilson	N / A	N / A	N / A	N / A	N / A	N / A	N / A
91	233	 Samuel J. Steiner	 June 1978	N / A	N / A	N / A	N / A	 Soie Practitioner (1954)	N / A
211	234	 Scott Wallace Stucky	N / A	N / A	N / A	N / A	N / A	N / A	N / A
276	235	 Sim Lake, United	N / A	N / A	N / A	N / A	N / A	N / A	N / A
40	236	 Stephen C. St. John	 1995	N / A	N / A	N / A	N / A	 Williams, Worrell, Kelly & Greer (1977-1989); Faggert &	N / A
129	237	 Stephen E. Cole	N / A	N / A	N / A	N / A	N / A	N / A	N / A
255	238	 Stephen J. Swift ©	N / A	N / A	N / A	N / A	N / A	N / A	N / A
122	239	 Stephen L. Crocker	N / A	N / A	N / A	N / A	N / A	N / A	N / A
39	240	 Stephen S. Mitchell	 December 12, 1994	N / A	N / A	N / A	N / A	 McKinley, Schmidtlein & Mitchell (1979-1994) Military Service: United States Marine Corps (1970-1979)	 The Congressman Walter Chandler American Inn of Court, The American ions of Court
183	241	 Susan G. Braden	 July 14, 2003	 President George W. Bush.	N / A	N / A	N / A	 Senior Tria Attorney, AntitrustDivision, Department of	N / A
214	242	 Susan J. Crawford	N / A	N / A	N / A	N / A	N / A	N / A	N / A
118	243	 Susan V. Kelley	 July 1, 2003	N / A	N / A	N / A	N / A	 Partner, Weinberg & Green (1980-1987); Asgveiata Murphy Desmond §.C. (1987-1999); Partner, Lee, Kilkelly, Paulson & Kabaker, S.C. (1992-1999); Parmer, Michael Best & Friedrich LLP. (1999-2003) :	 American Bankruptcy Institute; henyetioan Bar Association; Dane County Bar Association; State Bar of Wisconsin
27	244	 T. S. Ellis 1H	N / A	N / A	N / A	N / A	N / A	N / A	N / A
32	245	 Theresa Carroll	 September 12, 1996	N / A	N / A	 Assistant United States Attorney, United States Attorney’s	N / A	 Murphy, McGettigan & West, PC (1983-1991)	 Alexandria Bar Association; Northern Virginia Chapter, Federal Bar Association; Virginia State Bar
240	246	 Thomas &. Wells	N / A	N / A	N / A	N / A	N / A	N / A	N / A
188	247	 Thomas Craig Wheeler	N / A	N / A	N / A	N / A	N / A	N / A	N / A
102	248	 Thomas E. Johnston	N / A	N / A	N / A	N / A	N / A	N / A	N / A
145	249	 Thomas F Hogan	N / A	N / A	N / A	N / A	N / A	N / A	N / A
205	250	 Thomas J. Aquilino, Jr.	 May 2, 1985	 President Ronald Reagan	N / A	N / A	N / A	 Davis Polk & Wardwell (1971-1985).	N / A
31	251	 Thomas Rawles Jones,	 1994	N / A	N / A	 Assistant Commonwealth’s Attorney, Commonwealth of	N / A	 Partner, Cohen, Dunn & Sinclair	N / A
125	252	 Thomas S. Utschig:	 October 1, 1986	N / A	N / A	N / A	N / A	N / A	N / A
90	253	 Thomas T. Glover	 1985	N / A	N / A	N / A	N / A	N / A	N / A
77	254	 Thomas §. Zilly	 1988	 President Ronald Reagan	N / A	N / A	 Judge Pro Tem, Seattle Municipal Court (1972-1980)	 Lane, Powell, Moss & Miller (1962) Military Service: United States Naval Reserve (1956-1962)	 American Bar Association; Federal Bar Association; King County Bar Association; Washington State Bar Association
203	255	 Timothy C. Stanceu ©	 April 15, 2003 eT	 President: George W. Bush	N / A	 Chairperson, Foreign Claims Settlement Commission pf the	N / A	 Shaw, Pittman, Potts & Trowbridge (1979-1994)	 American Bar Association; American Bar Foundation, American Bar Association; National Conference of Federal ‘Trial Judges, American Bar Association; The American Law Institute: The Association of the Bar of the City of New York; Federal Bar Association; The Foundation of the Federal Bar Association, Federal Bar Association: Women’s Bar Association of the District of Columbia Government: Program Analyst and Environment Protection Specialist, United States Environmental Proctection Agency (1974-1982); Special Assistant to the Assistant Secretary, Office of Enforcement and ; Operations, United States Department of the Treasury (1982-1985); Deputy Director, Office of Trade and Tariff Affairs, United States : Department of the Treasury (1986- 1989)- “ ‘Legal Practice: Associate, Hogan & Hartson LLP (1990-1994); Partner, Hogan & Hartson LLP (1994-2003) . 
30	256	 Tommy E. Miller	 September 8, 1987	N / A	N / A	 Assistant Commonwealth’s Attorney, Commonwealth of	N / A	N / A	N / A
186	257	 Victor J. Wolski	 July 24, 2003	 President George W. Bush	N / A	 Speech Writer, Secretary of Agriculture Richard Lyng,	N / A	 Attorney, Pacific Legal Foundation (1992-1997); Attomey, Cooper, Carvin & Rosenthal (2000-2003)	 The Federalist Society for Law and Public Policy Studies; The John Carroll Society of Washington, DC; Oregon State Bar; State Bar of California; The Supreme Court Historical Society; Washington State Bar Association
266	258	 W. Royal Furgeson,	N / A	N / A	N / A	N / A	N / A	N / A	N / A
265	259	 W. Royal Furgeson, Jr.	N / A	N / A	N / A	N / A	N / A	N / A	N / A
216	260	 Walter T. Cox Ill	 September 6, 1984	 President Ronald Reagan,	N / A	N / A	 Resident Fudge, South Carolina Circuit Court, 10th Judicial Circuit (1978-1984) - 7 4	 Parmer, Jones, McIntosh, Threlkeld, Newman and Cox (1973-1978) Military Service: United States Army (1964-1973)	 American Bar Association; Anderson County Bart Association; Anderson County Young Lawyers; The Bar Association of the District of Columbia; Blue Key Honor Society; Federa! Bar Association; Judge Advocates Association; South Carolina Bar; South Carolina Tiial Lawyers Association , United States Court of Appeals for Veterans Claims 625 Indiana Avenue, NW, Suite 900, Washington, DC 20004-2950 Tel: (202) 501-5970 Fax: (202) 501-5848 Number of Judgeships: 7 Created in 1988, this Court consisting of a chief judge and six associate judges has exclusive jurisdiction to review final decisions of the Board of Veterans Appeals, an administrative arm of the Department of Veterans Affairs. Cases involve reviewing the Board’s determination of entitlement or disability benefits. The rulings can be appealed to the United States Court of Appeals for the Federal Circuit. The Court of Appeals for Veterans Claims is independent and does not come under the purview of the Judicial Conference of the United States or the Administrative Office of the United States Courts. The President appoints a chief judge and between two and six judges. The appointments are for 15-year terms and ~ subject to Senate confirmation. : Court 
220	261	 William A. Moorman	 2004	 President George W. Bush	N / A	N / A	N / A	N / A	N / A
112	262	 William C. Griesbach™	 May 17, 2002	 President George W. Bush	N / A	N / A	N / A	N / A	N / A
227	263	 William C. O’Kelley	N / A	N / A	N / A	N / A	N / A	N / A	N / A
126	264	 William E Downes	 June 23, 1994	 President William J. Clinton	N / A	N / A	N / A	 Associate and Partner, Clark and Downes (1975-1978); Associate and Partner, Brown and Drew (1978-1994) Military Service: United States Marine Corps (1968-1971)	 Federal Bar Association; Natrona County Bar Association, Wyoming Bar Association
54	265	 William E. Anderson	 December 5, 1980	N / A	N / A	N / A	N / A	N / A	N / A
55	266	 William F Stone, Jr. ;	 July 23, 1999 ,	N / A	N / A	N / A	N / A	 Stone, Worthy, Joyce & Stone (1971-1987), William F.	N / A
8	267	 William K. Sessions II	 2002	N / A	N / A	 Public Defender, Office of the: Public Defender, County of	N / A	N / A	N / A
277	268	 William K. Sessions III,	N / A	N / A	N / A	N / A	N / A	N / A	N / A
121	269	 William M. Conley.	N / A	N / A	N / A	N / A	N / A	N / A	N / A
218	270	 William P. Greene, Jr	 November 24, 1997	 President William J. Clinton	N / A	 Immigration Judge, United States Department of Justice,	N / A	 United States Army Judge Advocate General’s Corps Military Service: United States Army (1968-1993); Chief Prosecutor, Fort Knox, Kentucky, United States Army; Chief Defense Counsel, Hawaii, United States Army; Deputy Staff Judge Advocate, Third Infantry Division, Germany, United States Army; Staff Fudge Advocate, Second Infantry Division, Korea, United States Army; Staff Judge Advocate of the United States Military Academy at West Point, New York, United States: Army; Staff Judge Advocate, Fort Leavenworth, Kansas, United States © Army “	" Federal Bar Association _— (202) 501-5902"" (202) 501-5902 (202) 501-8902 (202) 501-5869 -5970 ext. 1040 (202) 501-5991 (202) 501-5861 -5902 ext. 1155"
4	271	 William T.	N / A	N / A	N / A	N / A	N / A	N / A	N / A
228	272	 William ¢.	N / A	N / A	N / A	 Assistant United States Attorney, Northern District of Georgia, United States Department of Justice (1959-1961); Special Hearing Officer, United States Department of Justice (1962-1968)	 Judge, United States Foreign Intelligence Surveillance Court (1980-1987)	 Partner, O’ Kelley, Hopkins & Van Gerpen (1961- Alon General Counsel, Georgia Republican Party (1968-1970) Military Service: United States Air Force (1953- 1957); United States Air Force Reserve (1957-1966)	 American Bar Association; Atlanta Bar Association; Federal Bar Association; Gainsville Northeastern Bar Association; Lawyers Club of Atlanta, Inc.; Old War Horse Lawyers’ Club; State Bar of Georgia
62	273	 Wm. Fremming Nielsen	 May 28, 1991	 President George H.W. Bush	N / A	N / A	N / A	 Attomey, Paine, Hamblen, Coffin, Brooke & Miller LLP {1964-1991} Military Service: United States Air Force (1956-1959); United States Air” Force Reserve (1959-1982)	. American College of Trial Lawyers; The American Inns of Court; Eastern District of Washington Chapter, Federal Bar Association; Spokane County Bar; Washington State Bar Association
94	274	 irene M. Keeley	 1992	 President George H.W. Bush	N / A	 Legal Researcher, Civil Rights Division, United States ©	N / A	 Attorney, Steptoe & Johnson LLP (1980- 1992)	 Judicial Division, American Bar Association; Federal Judges Association; Harrison County Bar Asgoclation; West Virginia Bar Association; The West Virginia State Bar : maa 
133	275	 {part-time) R. Michael	N / A	N / A	N / A	N / A	N / A	N / A	N / A
52	276	 {part-time} James G.	N / A	N / A	N / A	N / A	N / A	N / A	N / A
87	277	 {recalled) J. Kelley	 October 28, 1994	N / A	N / A	 Deputy Prosecuting Attorney, County of Pierce, Washington / (1963-1964)	 Judge, Washington Superior Court, Pierce County (1982-1994)	 Partner, McCormick, Hoffman, Rees, Arnold & Faubion (1965-1982) Military Service: United States Army (1961-1963)	 American Bar Association: The Agnetican Inns of Court; Federal Magistrate Judges’ Association: Tacoma-Pierce County Bar Association; Washington State Bar Association °
38	278	. Dougias 0. Tice	 Septetnber 3, 1987	N / A	N / A	 Attomey, Office of the Regional Counsel, Internal Revenue	N / A	 Private Practice (1959-1961); Corporate Counsel, Carlton Industries Incorporated (1970-1975); Private Practice (1975-1987) Military Service: United States Army Reserve, United States Deparment of the Army (1959-1967)	 American Bankruptcy Institute; American College of Bankruptcy; National Conference of Bankruptcy Judges
61	279	. Justin L. Quackenbush	N / A	N / A	N / A	N / A	N / A	N / A	N / A
81	280	.Mary Alice Thailler:- .	N / A	N / A	N / A	N / A	N / A	N / A	N / A
